ip,total,domains
106.14.104.229,1,raomengyu.top
107.163.87.73,1,e-medicine.com.cn
106.12.57.15,1,willwavenet.com
116.203.68.224,1,hesse-lingal.de
104.193.253.95,1,hypozio.art
104.18.56.192,1,ygszwy.com
109.91.228.89,1,fkbox.de
106.40.64.237,1,369366.xyz
119.82.28.108,1,sora-niwa.co.jp
101.200.130.128,1,fayuanai.com
104.19.149.122,1,arrma-rc.com
104.247.166.225,1,bunasilsite.com.tr
109.235.68.74,1,dagas.lt
112.213.105.25,1,jxb8888.com
104.248.145.5,1,ruangkita.com
101.0.81.131,1,otc.bid
104.19.34.163,1,hztianshui.com
109.234.158.162,1,argumenti.ru
108.186.226.33,1,ycshanjin.com
115.146.1.216,1,cellfa.com
1.13.185.165,1,smallspark.cn
103.199.186.208,1,empresasemcrescimento.shop
104.248.248.186,1,homeasia.de
116.62.241.106,1,blueo3.com
103.218.243.166,1,anyknew.com
104.165.180.57,1,bobrsellshomes.com
116.37.129.86,1,ibgrader.com
103.39.79.152,1,dezq.cc
114.215.179.220,1,yzsls.com
103.227.176.184,1,scnatw.org
118.190.241.58,1,yiandme.com
104.208.240.94,1,bonifaceed.com
103.77.209.112,1,nroanti.online
1.241.2.153,1,goegu.kr
104.233.191.229,1,witretail.cn
102.140.86.70,1,4008771819.com
103.31.5.14,1,zilong88-2u.xyz
110.232.113.7,1,wdls.org.au
103.173.18.27,1,ogoulads.com
103.219.106.84,1,trustedtechpro.com
112.118.121.196,1,hkelediy.top
104.237.2.245,1,casperkotwal.me
104.206.137.100,1,basslehrer-berlin.com
101.37.21.138,1,jstzlm.cn
12.110.70.139,1,baclcorp.com
120.24.230.190,1,electricjingle.com
103.196.61.79,1,twnawl.com
119.245.177.150,1,af-solution.com
108.61.81.44,1,netgenius.digital
108.174.62.228,1,sosastone.com
101.100.195.46,1,skyline-intl.com.sg
101.200.206.169,1,mztop.cn
108.61.85.240,1,sidehustleplus.com
103.165.226.226,1,voicel.net
104.154.152.190,1,myranking.xyz
103.254.106.114,1,bapendalamtim.id
110.43.213.7,1,gg-100.com
119.28.115.38,1,haotaotao.shop
109.107.140.59,1,88pa.top
104.195.15.204,1,buerjklo.top
112.74.176.106,1,pxhj520.com
104.215.6.104,1,reliance-websupport.com
1.14.1.5,1,honghueducation.com
120.27.122.223,1,sdciac.com
116.202.85.18,1,vivat.live
103.26.236.239,1,austockphoto.com.au
108.181.184.90,1,walletcoincrypto.com
119.29.118.113,1,juchewang.cn
119.59.116.214,1,f-1tools.com
103.224.80.110,1,anshi.tech
104.253.98.92,1,tanfwater.com
112.74.127.45,1,zztz.vip
110.93.133.216,1,packetgo.com
103.167.216.13,1,ivrscloud.com
113.52.134.133,1,atimailserver.com
108.179.228.230,1,doctoracabouli.com
106.15.239.209,1,jscdpg.cn
103.160.213.26,1,etalasepulsa.com
104.225.158.131,1,88yile.gq
108.186.97.14,1,powerockstore.cn
108.186.234.230,1,flighty-thought.cn
104.253.16.209,1,xiangzhilingglobal.com
103.39.93.119,1,sunnytrans.com.vn
104.22.73.84,1,outbackguidance.com
119.245.151.17,1,kagawaonkyo.jp
104.248.9.207,1,irobert.cloud
114.179.40.58,1,ascloud.jp
103.195.194.121,1,gaudreaufountain.com
101.94.12.201,1,106621.site
107.148.201.35,1,jnd2811.com
120.7.85.98,1,bwits.cn
100.25.124.191,1,precisionappliance-dev.com
119.145.140.186,1,ssfz.cn
101.34.108.134,1,silicon-gb.com
102.222.22.51,1,matthew28.co.za
1.116.123.154,1,zerokel.cn
106.186.31.80,1,anlisa.com
103.37.43.200,1,erajt.com
104.140.28.20,1,bsc4success.com
109.197.244.146,1,portail-hermione.fr
